{"win_pct": {"x": [500, 1000, 1500, 2000, 2500, 3000, 3500, 4000, 4500, 5114, 5732, 6422, 7023, 7662, 8496, 9270, 10119, 10934, 11806, 12531, 13531, 14418], "y": [52.8, 53.4, 53.8, 52.2, 53.1062124248497, 54.6, 59.6, 57.91583166332666, 58.2, 64.33224755700326, 64.0650406504065, 66.95778748180494, 64.10684474123539, 65.57120500782473, 71.72081829121541, 69.34023285899094, 72.66272189349112, 72.00986436498151, 73.15668202764977, 71.60664819944598, 77.90110998990919, 75.96371882086167]}, "boot_avg": {"x": [500, 1000, 1500, 2000, 2500, 3000, 3500, 4000, 4500, 5114, 5732, 6422, 7023, 7662, 8496, 9270, 10119, 10934, 11806, 12531, 13531, 14418], "y": [52.8, 52.86, 52.954, 52.8786, 52.90136124248497, 53.07122511823647, 53.72410260641283, 54.14327551210421, 54.54894796089379, 55.527277920504744, 56.38105419349492, 57.43872752232592, 58.10553924421687, 58.85210582057766, 60.138977067641434, 61.05910264677639, 62.21946457144786, 63.19850455080123, 64.19432229848609, 64.93555488858208, 66.23211039871478, 67.20527124092948]}, "boot_ver": {"x": [500, 1000, 1500, 2000, 2500, 3000, 3500, 4000, 4500, 5114, 5732, 6422, 7023, 7662, 8496, 9270, 10119, 10934, 11806, 12531, 13531, 14418], "y": [0, 0, 0, 0, 0, 0, 0, 0, 0, 0, 0, 0, 0, 0, 0, 0, 0, 0, 0, 0, 0, 0]}, "cost_hist": {"x": [500, 1000, 1500, 2000, 2500, 3000, 3500, 4000, 4500, 5114, 5732, 6422, 7023, 7662, 8496, 9270, 10119, 10934, 11806, 12531, 13531, 14418], "y": [1304.76123046875, 842.52197265625, 1113.0986328125, 1016.03125, 1243.49951171875, 1283.80078125, 1996.9716796875, 1778.71826171875, 1907.878173828125, 2075.102294921875, 2141.310546875, 2129.705322265625, 1749.834228515625, 2088.037109375, 1909.141845703125, 1813.2294921875, 1840.4208984375, 1761.096435546875, 1806.7998046875, 1569.685302734375, 1671.293701171875, 1458.470458984375]}, "draw_pct": {"x": [500, 1000, 1500, 2000, 2500, 3000, 3500, 4000, 4500, 5114, 5732, 6422, 7023, 7662, 8496, 9270, 10119, 10934, 11806, 12531, 13531, 14418], "y": [0.0, 0.0, 0.0, 0.0, 0.2, 0.0, 0.0, 0.2, 0.0, 0.0, 0.4854368932038835, 0.43478260869565216, 0.33277870216306155, 0.0, 0.3597122302158273, 0.12919896640826872, 0.4711425206124853, 0.49079754601226994, 0.45871559633027525, 0.41379310344827586, 0.9, 0.5636978579481398]}, "max_hist0": {"x": [500, 1000, 1500, 2000, 2500, 3000, 3500, 4000, 4500, 5114, 5732, 6422, 7023, 7662, 8496, 9270, 10119, 10934, 11806, 12531, 13531, 14418], "y": [0.06349500268697739, 0.06449181586503983, 0.06548891216516495, 0.06648766994476318, 0.06749118864536285, 0.06849142163991928, 0.06941372901201248, 0.07041658461093903, 0.07141947001218796, 0.07242236286401749, 0.07342524826526642, 0.07442810386419296, 0.07543092966079712, 0.07643371820449829, 0.07743644714355469, 0.0784391239285469, 0.07949603348970413, 0.0805831253528595, 0.0816725343465805, 0.08276363462209702, 0.08385590463876724, 0.08498267084360123]}, "max_hist1": {"x": [500, 1000, 1500, 2000, 2500, 3000, 3500, 4000, 4500, 5114, 5732, 6422, 7023, 7662, 8496, 9270, 10119, 10934, 11806, 12531, 13531, 14418], "y": [0.045192938297986984, 0.04619167372584343, 0.04719142988324165, 0.04819570109248161, 0.049203816801309586, 0.05021357536315918, 0.05122854933142662, 0.052236199378967285, 0.053248487412929535, 0.054261159151792526, 0.05528191104531288, 0.056304931640625, 0.05730028450489044, 0.05831342563033104, 0.059376731514930725, 0.0604650154709816, 0.061563603579998016, 0.062674380838871, 0.0637931302189827, 0.06492189317941666, 0.06606033444404602, 0.06721218675374985]}, "max_hist2": {"x": [500, 1000, 1500, 2000, 2500, 3000, 3500, 4000, 4500, 5114, 5732, 6422, 7023, 7662, 8496, 9270, 10119, 10934, 11806, 12531, 13531, 14418], "y": [0.03224949166178703, 0.0332493856549263, 0.03425075113773346, 0.0352524034678936, 0.03625498339533806, 0.03726018965244293, 0.038265880197286606, 0.03927189111709595, 0.04029478877782822, 0.04133033752441406, 0.042372919619083405, 0.04342103749513626, 0.04447482153773308, 0.04553275182843208, 0.04659641161561012, 0.0476640947163105, 0.04873369634151459, 0.04980414733290672, 0.050874222069978714, 0.05194425955414772, 0.05301417410373688, 0.05409105867147446]}, "max_hist3": {"x": [500, 1000, 1500, 2000, 2500, 3000, 3500, 4000, 4500, 5114, 5732, 6422, 7023, 7662, 8496, 9270, 10119, 10934, 11806, 12531, 13531, 14418], "y": [0.02309682033956051, 0.024096667766571045, 0.025098515674471855, 0.02610153891146183, 0.02710591070353985, 0.028115564957261086, 0.02912706322968006, 0.03015045076608658, 0.031177636235952377, 0.03221311420202255, 0.033253271132707596, 0.03429610654711723, 0.03534088656306267, 0.03639848902821541, 0.037458837032318115, 0.0385206937789917, 0.03958401456475258, 0.04064813256263733, 0.04171251505613327, 0.042776525020599365, 0.043844714760780334, 0.044941093772649765]}, "max_hist4": {"x": [500, 1000, 1500, 2000, 2500, 3000, 3500, 4000, 4500, 5114, 5732, 6422, 7023, 7662, 8496, 9270, 10119, 10934, 11806, 12531, 13531, 14418], "y": [0.015898684039711952, 0.016899481415748596, 0.017902623862028122, 0.018908241763710976, 0.019916623830795288, 0.020927712321281433, 0.02194623462855816, 0.02296856790781021, 0.02399384416639805, 0.025021350011229515, 0.026050517335534096, 0.027080906555056572, 0.028119400143623352, 0.029160620644688606, 0.030203191563487053, 0.03126082569360733, 0.03233318030834198, 0.033407650887966156, 0.03448368236422539, 0.03556068241596222, 0.03663826361298561, 0.037716109305620193]}, "min_hist0": {"x": [500, 1000, 1500, 2000, 2500, 3000, 3500, 4000, 4500, 5114, 5732, 6422, 7023, 7662, 8496, 9270, 10119, 10934, 11806, 12531, 13531, 14418], "y": [-0.06348708271980286, -0.0644783154129982, -0.06547766923904419, -0.06648139655590057, -0.06748848408460617, -0.06849680840969086, -0.06950598210096359, -0.07051573693752289, -0.07152587920427322, -0.07253628224134445, -0.07354684919118881, -0.07455749064683914, -0.07556815445423126, -0.076578788459301, -0.07758937031030655, -0.07862918078899384, -0.07973049581050873, -0.08084642142057419, -0.08197776228189468, -0.08312412351369858, -0.08428353816270828, -0.0854577124118805]}, "min_hist1": {"x": [500, 1000, 1500, 2000, 2500, 3000, 3500, 4000, 4500, 5114, 5732, 6422, 7023, 7662, 8496, 9270, 10119, 10934, 11806, 12531, 13531, 14418], "y": [-0.04519328102469444, -0.04619040712714195, -0.04718679189682007, -0.04818994924426079, -0.049196816980838776, -0.050205767154693604, -0.05121617391705513, -0.05222760885953903, -0.05323977768421173, -0.05425245314836502, -0.055265478789806366, -0.05627872794866562, -0.057326167821884155, -0.05839080363512039, -0.05945945158600807, -0.060530975461006165, -0.06160441413521767, -0.06267951428890228, -0.0637560486793518, -0.0648336187005043, -0.06591202318668365, -0.06699030846357346]}, "min_hist2": {"x": [500, 1000, 1500, 2000, 2500, 3000, 3500, 4000, 4500, 5114, 5732, 6422, 7023, 7662, 8496, 9270, 10119, 10934, 11806, 12531, 13531, 14418], "y": [-0.03224949166178703, -0.03325018659234047, -0.03425239399075508, -0.035255316644907, -0.03626007214188576, -0.03726990893483162, -0.038283348083496094, -0.039300527423620224, -0.04032120108604431, -0.04134516045451164, -0.04237743094563484, -0.04342276230454445, -0.04448287561535835, -0.04554516822099686, -0.04660701006650925, -0.0476766899228096, -0.04876621067523956, -0.04985969886183739, -0.05095579847693443, -0.05205536261200905, -0.05315721035003662, -0.054261740297079086]}, "min_hist3": {"x": [500, 1000, 1500, 2000, 2500, 3000, 3500, 4000, 4500, 5114, 5732, 6422, 7023, 7662, 8496, 9270, 10119, 10934, 11806, 12531, 13531, 14418],