{"win_pct": {"x": [500, 1000, 1500, 2000], "y": [48.873873873873876, 46.666666666666664, 51.24716553287982, 53.65296803652968]}, "boot_avg": {"x": [500, 1000, 1500, 2000], "y": [48.873873873873876, 48.653153153153156, 48.91255439112582, 49.38659575566621]}, "boot_ver": {"x": [500, 1000, 1500, 2000], "y": [0, 0, 0, 0]}, "cost_hist": {"x": [500, 1000, 1500, 2000], "y": [383.57861328125, -728.80224609375, 689.5906982421875, 1619.7044677734375]}, "max_hist0": {"x": [500, 1000, 1500, 2000], "y": [0.08886983245611191, 0.08921917527914047, 0.0895116850733757, 0.08967463672161102]}, "max_hist1": {"x": [500, 1000, 1500, 2000], "y": [0.06299922615289688, 0.06344858556985855, 0.06389407813549042, 0.0643673911690712]}, "max_hist2": {"x": [500, 1000, 1500, 2000], "y": [0.04469383507966995, 0.04517072066664696, 0.04565928876399994, 0.04614197462797165]}, "max_hist3": {"x": [500, 1000, 1500, 2000], "y": [0.03174932673573494, 0.03224480152130127, 0.03273671492934227, 0.0331820473074913]}, "max_hist4": {"x": [500, 1000, 1500, 2000], "y": [0.05068705230951309, 0.05118280649185181, 0.05163463205099106, 0.05208071693778038]}, "min_hist0": {"x": [500, 1000, 1500, 2000], "y": [-0.08885902911424637, -0.08923522382974625, -0.0895017609000206, -0.08976797759532928]}, "min_hist1": {"x": [500, 1000, 1500, 2000], "y": [-0.06299139559268951, -0.06345218420028687, -0.0638078898191452, -0.06408242881298065]}, "min_hist2": {"x": [500, 1000, 1500, 2000], "y": [-0.04469330608844757, -0.04517620429396629, -0.04561556130647659, -0.046115726232528687]}, "min_hist3": {"x": [500, 1000, 1500, 2000], "y": [-0.031749676913022995, -0.0322430245578289, -0.03272269666194916, -0.033198047429323196]}, "min_hist4": {"x": [500, 1000, 1500, 2000], "y": [-0.05068809166550636, -0.05118292197585106, -0.051661789417266846, -0.05214895308017731]}}