{"win_pct": {"x": [2, 4], "y": [0.0, 100.0]}, "boot_avg": {"x": [2, 4], "y": [0.0, 100.0]}, "boot_ver": {"x": [2, 4], "y": [0, 0]}, "cost_hist": {"x": [2, 4], "y": [1.7417103052139282, 4.787715435028076]}, "draw_pct": {"x": [2, 4], "y": [0.0, 0.0]}, "weights0": {"x": [2, 4], "y": [0.10099819302558899, 0.10199727863073349]}, "weights1": {"x": [2, 4], "y": [0.09899911284446716, 0.0979982241988182]}, "weights2": {"x": [2, 4], "y": [0.10099899768829346, 0.10199923813343048]}, "weights3": {"x": [2, 4], "y": [0.10099900513887405, 0.10199882835149765]}}