{"win_pct": {"x": [500, 1000, 1500, 2000, 2500, 3000, 3500, 4000, 4500, 5000, 5500, 6000, 6500, 7000, 7500, 8000, 8500, 9000, 9500, 10000, 10500, 11000, 11500, 12000, 12500, 13000, 13500, 14000, 14500, 15000], "y": [48.873873873873876, 46.666666666666664, 51.24716553287982, 51.48741418764302, 50.81967213114754, 57.630979498861045, 57.3394495412844, 58.40909090909091, 61.80555555555556, 59.122401847575055, 59.06976744186046, 63.470319634703195, 59.198113207547166, 61.958997722095674, 61.111111111111114, 62.38532110091743, 62.61467889908257, 62.360801781737194, 66.29464285714286, 65.27777777777777, 62.27272727272727, 63.474387527839646, 65.990990990991, 64.67991169977925, 62.16814159292036, 66.04651162790698, 63.90134529147982, 68.98876404494382, 68.69158878504673, 66.74418604651163]}, "boot_avg": {"x": [500, 1000, 1500, 2000, 2500, 3000, 3500, 4000, 4500, 5000, 5500, 6000, 6500, 7000, 7500, 8000, 8500, 9000, 9500, 10000, 10500, 11000, 11500, 12000, 12500, 13000, 13500, 14000, 14500, 15000], "y": [48.873873873873876, 48.653153153153156, 48.91255439112582, 49.17004037077754, 49.33500354681455, 50.164601142019194, 50.882085981945714, 51.63478647466024, 52.651863382749774, 53.2989172292323, 53.87600225049512, 54.83543398891593, 55.27170191077906, 55.940431491910715, 56.457499453830756, 57.05028161853943, 57.606721346593744, 58.08212939010809, 58.90338073681157, 59.54082044090819, 59.8140111240901, 60.180048764465056, 60.76114298711765, 61.153019858383814, 61.25453203183747, 61.73372999144442, 61.95049152144796, 62.65431877379754, 63.258045774922465, 63.60665980208139]}, "boot_ver": {"x": [500, 1000, 1500, 2000, 2500, 3000, 3500, 4000, 4500, 5000, 5500, 6000, 6500, 7000, 7500, 8000, 8500, 9000, 9500, 10000, 10500, 11000, 11500, 12000, 12500, 13000, 13500, 14000, 14500, 15000], "y": [0, 0, 0, 0, 0, 0, 0, 0, 0, 0, 0, 0, 0, 0, 0, 0, 0, 0, 0, 0, 0, 0, 0, 0, 0, 0, 0, 0, 0, 0]}, "cost_hist": {"x": [500, 1000, 1500, 2000, 2500, 3000, 3500, 4000, 4500, 5000, 5500, 6000, 6500, 7000, 7500, 8000, 8500, 9000, 9500, 10000, 10500, 11000, 11500, 12000, 12500, 13000, 13500, 14000, 14500, 15000], "y": [383.57861328125, -728.80224609375, 689.5906982421875, 28.495237350463867, 1119.0465087890625, 3465.48974609375, 3401.859375, 2592.95703125, 4016.93896484375, 3712.5595703125, 3004.979248046875, 4431.1865234375, 2143.70703125, 4605.38037109375, 3362.3369140625, 3675.39453125, 4776.6416015625, 4039.6396484375, 4850.6416015625, 4328.8984375, 3828.67919921875, 4149.12841796875, 4802.31005859375, 4594.34228515625, 3026.184326171875, 4226.62060546875, 4683.6455078125, 6032.73046875, 4621.126953125, 4786.54345703125]}, "max_hist0": {"x": [500, 1000, 1500, 2000, 2500, 3000, 3500, 4000, 4500, 5000, 5500, 6000, 6500, 7000, 7500, 8000, 8500, 9000, 9500, 10000, 10500, 11000, 11500, 12000, 12500, 13000, 13500, 14000, 14500, 15000], "y": [0.08886983245611191, 0.08921917527914047, 0.0895116850733757, 0.08980101346969604, 0.08993948251008987, 0.09038331359624863, 0.09071371704339981, 0.09098558872938156, 0.09138934314250946, 0.09178651124238968, 0.09213569015264511, 0.09244688600301743, 0.09275544434785843, 0.09311152994632721, 0.09341844916343689, 0.09372985363006592, 0.0939943715929985, 0.09420879930257797, 0.09440554678440094, 0.09459412097930908, 0.0947830006480217, 0.09495300054550171, 0.09517114609479904, 0.09534133225679398, 0.09548112750053406, 0.09584053605794907, 0.09614784270524979, 0.09644035249948502, 0.09668412804603577, 0.09690845757722855]}, "max_hist1": {"x": [500, 1000, 1500, 2000, 2500, 3000, 3500, 4000, 4500, 5000, 5500, 6000, 6500, 7000, 7500, 8000, 8500, 9000, 9500, 10000, 10500, 11000, 11500, 12000, 12500, 13000, 13500, 14000, 14500, 15000], "y": [0.06299922615289688, 0.06344858556985855, 0.06389407813549042, 0.06435736268758774, 0.06484702229499817, 0.0652313232421875, 0.06554236263036728, 0.06577640771865845, 0.06608565896749496, 0.06641236692667007, 0.06670278310775757, 0.06700406968593597, 0.06732388585805893, 0.06768099218606949, 0.06803825497627258, 0.06831347942352295, 0.06860722601413727, 0.06884220987558365, 0.06907553225755692, 0.06926987320184708, 0.06955301016569138, 0.06986645609140396, 0.07021697610616684, 0.07036969810724258, 0.07058356702327728, 0.07060244679450989, 0.07071477174758911, 0.07093822211027145, 0.07100889831781387, 0.0710233524441719]}, "max_hist2": {"x": [500, 1000, 1500, 2000, 2500, 3000, 3500, 4000, 4500, 5000, 5500, 6000, 6500, 7000, 7500, 8000, 8500, 9000, 9500, 10000, 10500, 11000, 11500, 12000, 12500, 13000, 13500, 14000, 14500, 15000], "y": [0.04469383507966995, 0.04517072066664696, 0.04565928876399994, 0.04605288431048393, 0.0464605875313282, 0.04684970900416374, 0.047237008810043335, 0.04757377505302429, 0.04789822921156883, 0.04811417683959007, 0.048287712037563324, 0.04853913560509682, 0.04883522912859917, 0.04914682358503342, 0.049403369426727295, 0.049645401537418365, 0.049842339009046555, 0.050051067024469376, 0.050230905413627625, 0.05048897862434387, 0.05081022530794144, 0.051056768745183945, 0.051237188279628754, 0.0514313206076622, 0.051676101982593536, 0.051994580775499344, 0.052292779088020325, 0.052508581429719925, 0.05269527807831764, 0.052844107151031494]}, "max_hist3": {"x": [500, 1000, 1500, 2000, 2500, 3000, 3500, 4000, 4500, 5000, 5500, 6000, 6500, 7000, 7500, 8000, 8500, 9000, 9500, 10000, 10500, 11000, 11500, 12000, 12500, 13000, 13500, 14000, 14500, 15000], "y": [0.03174932673573494, 0.03224480152130127, 0.03273671492934227, 0.033193472772836685, 0.033605094999074936, 0.03406258299946785, 0.034456878900527954, 0.03483664616942406, 0.03519529104232788, 0.03554829955101013, 0.035938214510679245, 0.03625325486063957, 0.03656963258981705, 0.03684178739786148, 0.03712756931781769, 0.03747287392616272, 0.03775671869516373, 0.03808922693133354, 0.03846969082951546, 0.0388481542468071, 0.039170462638139725, 0.03939210623502731, 0.03951593115925789, 0.03960747271776199, 0.03969035670161247, 0.03981802612543106, 0.0399290956556797, 0.040037404745817184, 0.04042062163352966, 0.04055663198232651]}, "max_hist4": {"x": [500, 1000, 1500, 2000, 2500, 3000, 3500, 4000, 4500, 5000, 5500, 6000, 6500, 7000, 7500, 8000, 8500, 9000, 9500, 10000, 10500, 11000, 11500, 12000, 12500, 13000, 13500, 14000, 14500, 15000], "y": [0.05068705230951309, 0.05118280649185181, 0.05163463205099106, 0.05209558829665184, 0.052593883126974106, 0.053055863827466965, 0.053456421941518784, 0.053820788860321045, 0.05416927486658096, 0.05454344302415848, 0.0549725778400898, 0.05531711503863335, 0.05562640726566315, 0.0559091679751873, 0.05614428222179413, 0.05637813359498978, 0.05654808133840561, 0.056746408343315125, 0.05699228495359421, 0.05719539895653725, 0.057379402220249176, 0.05750097706913948, 0.0575634241104126, 0.05763350799679756, 0.05767822265625, 0.05774606019258499, 0.05777307599782944, 0.057835422456264496, 0.05805017054080963, 0.058233629912137985]}, "min_hist0": {"x": [500, 1000, 1500, 2000, 2500, 3000, 3500, 4000, 4500, 5000, 5500, 6000, 6500, 7000, 7500, 8000, 8500, 9000, 9500, 10000, 10500, 11000, 11500, 12000, 12500, 13000, 13500, 14000, 14500, 15000], "y": [-0.08885902911424637, -0.08923522382974625, -0.0895017609000206, -0.08970161527395248, -0.0900651291012764, -0.09025425463914871, -0.09039559215307236, -0.09051425009965897, -0.09067245572805405, -0.09079552441835403, -0.09092739969491959, -0.09101521968841553, -0.09126559644937515, -0.09153978526592255, -0.09178407490253448, -0.09200442582368851, -0.09226768463850021, -0.0926092267036438, -0.09300026297569275, -0.09337855130434036, -0.09375715255737305, -0.0940459743142128, -0.09435153752565384, -0.09459511190652847, -0.09481704235076904, -0.09508731961250305, -0.09534762799739838, -0.0955977663397789, -0.09577414393424988, -0.09594003111124039]}, "min_hist1": {"x": [500, 1000, 1500, 2000, 2500, 3000, 3500, 4000, 4500, 5000, 5500, 6000, 6500, 7000, 7500, 8000, 8500, 9000, 9500, 10000, 10500, 11000, 11500, 12000, 12500, 13000, 13500, 14000, 14500, 15000],